<annotation>
	<folder>images</folder>
	<filename>videoplayback1808.jpg</filename>
	<path>/Users/katayounborojerdi/Documents/UC_Berkeley_MIDS_Program/W251-Deep_Learning_In_The_Cloud/w251_homework08_files/MIDS_HW8/images/videoplayback1808.jpg</path>
	<source>
		<database>Unknown</database>
	</source>
	<size>
		<width>1000</width>
		<height>563</height>
		<depth>3</depth>
	</size>
	<segmented>0</segmented>
	<object>
		<name>Millennium Falcon</name>
		<pose>Unspecified</pose>
		<truncated>0</truncated>
		<difficult>0</difficult>
		<bndbox>
			<xmin>66</xmin>
			<ymin>253</ymin>
			<xmax>868</xmax>
			<ymax>486</ymax>
		</bndbox>
	</object>
	<object>
		<name>Tie Fighter</name>
		<pose>Unspecified</pose>
		<truncated>0</truncated>
		<difficult>0</difficult>
		<bndbox>
			<xmin>278</xmin>
			<ymin>200</ymin>
			<xmax>316</xmax>
			<ymax>238</ymax>
		</bndbox>
	</object>
	<object>
		<name>Tie Fighter</name>
		<pose>Unspecified</pose>
		<truncated>0</truncated>
		<difficult>0</difficult>
		<bndbox>
			<xmin>339</xmin>
			<ymin>239</ymin>
			<xmax>360</xmax>
			<ymax>254</ymax>
		</bndbox>
	</object>
</annotation>
