<annotation>
	<folder>images</folder>
	<filename>videoplayback4031.jpg</filename>
	<path>/Users/katayounborojerdi/Documents/UC_Berkeley_MIDS_Program/W251-Deep_Learning_In_The_Cloud/w251_homework08_files/MIDS_HW8/images/videoplayback4031.jpg</path>
	<source>
		<database>Unknown</database>
	</source>
	<size>
		<width>1000</width>
		<height>563</height>
		<depth>3</depth>
	</size>
	<segmented>0</segmented>
	<object>
		<name>Millennium Falcon</name>
		<pose>Unspecified</pose>
		<truncated>0</truncated>
		<difficult>0</difficult>
		<bndbox>
			<xmin>219</xmin>
			<ymin>72</ymin>
			<xmax>453</xmax>
			<ymax>472</ymax>
		</bndbox>
	</object>
	<object>
		<name>Tie Fighter</name>
		<pose>Unspecified</pose>
		<truncated>0</truncated>
		<difficult>0</difficult>
		<bndbox>
			<xmin>699</xmin>
			<ymin>241</ymin>
			<xmax>814</xmax>
			<ymax>358</ymax>
		</bndbox>
	</object>
	<object>
		<name>Tie Fighter</name>
		<pose>Unspecified</pose>
		<truncated>1</truncated>
		<difficult>0</difficult>
		<bndbox>
			<xmin>906</xmin>
			<ymin>282</ymin>
			<xmax>1000</xmax>
			<ymax>410</ymax>
		</bndbox>
	</object>
</annotation>
