<annotation>
	<folder>images</folder>
	<filename>videoplayback3666.jpg</filename>
	<path>/Users/katayounborojerdi/Documents/UC_Berkeley_MIDS_Program/W251-Deep_Learning_In_The_Cloud/w251_homework08_files/MIDS_HW8/images/videoplayback3666.jpg</path>
	<source>
		<database>Unknown</database>
	</source>
	<size>
		<width>1000</width>
		<height>563</height>
		<depth>3</depth>
	</size>
	<segmented>0</segmented>
	<object>
		<name>Millennium Falcon</name>
		<pose>Unspecified</pose>
		<truncated>0</truncated>
		<difficult>0</difficult>
		<bndbox>
			<xmin>335</xmin>
			<ymin>186</ymin>
			<xmax>698</xmax>
			<ymax>342</ymax>
		</bndbox>
	</object>
	<object>
		<name>Tie Fighter</name>
		<pose>Unspecified</pose>
		<truncated>0</truncated>
		<difficult>0</difficult>
		<bndbox>
			<xmin>800</xmin>
			<ymin>308</ymin>
			<xmax>835</xmax>
			<ymax>339</ymax>
		</bndbox>
	</object>
	<object>
		<name>Tie Fighter</name>
		<pose>Unspecified</pose>
		<truncated>0</truncated>
		<difficult>0</difficult>
		<bndbox>
			<xmin>910</xmin>
			<ymin>266</ymin>
			<xmax>937</xmax>
			<ymax>294</ymax>
		</bndbox>
	</object>
</annotation>
