<annotation>
	<folder>images</folder>
	<filename>videoplayback1643.jpg</filename>
	<path>/Users/katayounborojerdi/Documents/UC_Berkeley_MIDS_Program/W251-Deep_Learning_In_The_Cloud/w251_homework08_files/MIDS_HW8/images/videoplayback1643.jpg</path>
	<source>
		<database>Unknown</database>
	</source>
	<size>
		<width>1000</width>
		<height>563</height>
		<depth>3</depth>
	</size>
	<segmented>0</segmented>
	<object>
		<name>Millennium Falcon</name>
		<pose>Unspecified</pose>
		<truncated>0</truncated>
		<difficult>0</difficult>
		<bndbox>
			<xmin>287</xmin>
			<ymin>281</ymin>
			<xmax>881</xmax>
			<ymax>446</ymax>
		</bndbox>
	</object>
	<object>
		<name>Tie Fighter</name>
		<pose>Unspecified</pose>
		<truncated>0</truncated>
		<difficult>0</difficult>
		<bndbox>
			<xmin>608</xmin>
			<ymin>239</ymin>
			<xmax>629</xmax>
			<ymax>257</ymax>
		</bndbox>
	</object>
	<object>
		<name>Tie Fighter</name>
		<pose>Unspecified</pose>
		<truncated>0</truncated>
		<difficult>0</difficult>
		<bndbox>
			<xmin>717</xmin>
			<ymin>250</ymin>
			<xmax>748</xmax>
			<ymax>272</ymax>
		</bndbox>
	</object>
</annotation>
