<annotation>
	<folder>images</folder>
	<filename>videoplayback1820.jpg</filename>
	<path>/Users/katayounborojerdi/Documents/UC_Berkeley_MIDS_Program/W251-Deep_Learning_In_The_Cloud/w251_homework08_files/MIDS_HW8/images/videoplayback1820.jpg</path>
	<source>
		<database>Unknown</database>
	</source>
	<size>
		<width>1000</width>
		<height>563</height>
		<depth>3</depth>
	</size>
	<segmented>0</segmented>
	<object>
		<name>Tie Fighter</name>
		<pose>Unspecified</pose>
		<truncated>0</truncated>
		<difficult>0</difficult>
		<bndbox>
			<xmin>224</xmin>
			<ymin>141</ymin>
			<xmax>279</xmax>
			<ymax>198</ymax>
		</bndbox>
	</object>
	<object>
		<name>Tie Fighter</name>
		<pose>Unspecified</pose>
		<truncated>0</truncated>
		<difficult>0</difficult>
		<bndbox>
			<xmin>280</xmin>
			<ymin>200</ymin>
			<xmax>305</xmax>
			<ymax>224</ymax>
		</bndbox>
	</object>
	<object>
		<name>Millennium Falcon</name>
		<pose>Unspecified</pose>
		<truncated>0</truncated>
		<difficult>0</difficult>
		<bndbox>
			<xmin>54</xmin>
			<ymin>227</ymin>
			<xmax>819</xmax>
			<ymax>458</ymax>
		</bndbox>
	</object>
</annotation>
